;Date Time Fetched;Project UUID;Project Id;Short Name;Items to inspect;Inspection Notes;Imageset Count;Batch Count;Audit Batch Count;Image Count;Record Count;State;Export States;Export State Diffs
6;2020-04-24 18:08:24;4E1AE11E-88D3-49B3-BE87-341F81250FDC;3716;Canada, Nova Scotia—Church Records, 1864–1877 \[Part B\];{color:red}imageset count: 31!=24\\{color};{color:red}[4E1AE11E-88D3-49B3-BE87-341F81250FDC]{color};24;15762;753;17980;37097;TEST;ACCEPTED: 2981\\IN_PROGRESS: 11928\\NA_AUDIT: 753\\NA_BLOCKED: 2971\\NA_NED: 95\\REJECTED: 5;
16;2020-04-24 18:11:39;C040EFAE-01E0-41FE-96FA-B58DA2AD92B0;4134;Dominican Republic—Civil Registration, Deaths, 1838–2015 \[Part F\];{color:red}imageset count: 398!=33\\image count: 585027!=67210\\blocked image count: 534798!=16669\\{color};{color:red}[C040EFAE-01E0-41FE-96FA-B58DA2AD92B0]{color};33;14907;709;67210;0;TEST;\\IN_PROGRESS: 56632\\NA_AUDIT: 2826\\NA_BLOCKED: 534798;
28;2020-04-24 18:14:00;10057DF0-D2A5-4723-8B84-B0F564AF538F;4190;Peru, Huanuco—Civil Registration, 1888–1998 \[Part I\];{color:red}image count: 36615!=36025\\blocked image count: 4345!=46869\\{color};{color:red}[10057DF0-D2A5-4723-8B84-B0F564AF538F]{color};205;8604;411;36025;0;TEST;\\IN_PROGRESS: 32270\\NA_AUDIT: 1632\\NA_BLOCKED: 4345;\\IN_PROGRESS: 32230\\NA_AUDIT: 1632\\NA_BLOCKED: 4327
36;2020-04-24 18:12:56;8CE89DB4-2991-4691-B9D2-6BAC1E52DE62;4174;South Africa, Natal Province—Civil Deaths, 1924–1963;{color:red}imageset count: 33!=34\\{color};{color:red}[8CE89DB4-2991-4691-B9D2-6BAC1E52DE62]{color};34;9904;471;96791;0;TEST;\\IN_PROGRESS: 94089\\NA_AUDIT: 4696\\NA_BLOCKED: 2702;\\IN_PROGRESS: 59155\\NA_AUDIT: 2952\\NA_BLOCKED: 1979
46;2020-04-24 18:12:15;78E22DA3-194D-42E5-BB3A-98340A24DCAC;4159;UK, England, Herefordshire—Bishop's Transcripts, 1583–1754;{color:red}imageset count: 30!=168\\image count: 17604!=9680\\blocked image count: 11051!=9670\\{color};{color:red}[78E22DA3-194D-42E5-BB3A-98340A24DCAC]{color};168;6879;326;9680;0;TEST;\\IN_PROGRESS: 6553\\NA_AUDIT: 326\\NA_BLOCKED: 11051;
50;2020-04-23 17:58:35;E2DD24DB-8F5B-4208-BFF4-8D638D56667A;4168;US, Arizona—Birth Certificates and Indexes, 1855–1930;{color:red}imageset count: 52!=51\\image count: 214746!=211046\\blocked image count: 2213!=226514\\{color};{color:red}[E2DD24DB-8F5B-4208-BFF4-8D638D56667A]{color};51;44686;2127;211046;0;TEST;\\IN_PROGRESS: 212533\\NA_AUDIT: 10623\\NA_BLOCKED: 2213;\\IN_PROGRESS: 26249\\NA_AUDIT: 1310\\NA_BLOCKED: 166
60;2020-04-23 17:58:14;87D485CC-3490-40EF-86D0-4973C83B16E2;4167;US, Missouri—State Archives, Pre-World War II Adjutant General Enlistment Contracts, 1900–1941 \[Part E\];{color:red}imageset count: 40!=243\\{color};{color:red}[87D485CC-3490-40EF-86D0-4973C83B16E2]{color};243;4976;237;77131;0;TEST;\\IN_PROGRESS: 45547\\NA_AUDIT: 2289\\NA_BLOCKED: 31584;\\IN_PROGRESS: 2850\\NA_AUDIT: 150\\NA_BLOCKED: 2304
67;2020-04-24 18:06:57;ECF4E234-A43B-4030-8F2F-DADD91131E06;2286;Česká Republika (Tschechien), Litoměřice—Matriky, 1552–1905 \[část 1E\];{color:red}image count: 7221!=7180\\blocked image count: 415!=7146\\{color};{color:red}[ECF4E234-A43B-4030-8F2F-DADD91131E06]{color};35;2712;128;7180;0;TEST;\\IN_PROGRESS: 6806\\NA_AUDIT: 342\\NA_BLOCKED: 415;
78;2020-04-19 12:00:04;DBBD1E00-D5EA-432B-A517-4288A7330EC4;1655;Argentina—Provincia de Buenos Aires, Registros Parroquiales, 1835–1939 \[Parte C\];{color:red}image count: 195039!=195262\\{color};{color:red}[DBBD1E00-D5EA-432B-A517-4288A7330EC4]{color};332;37378;1765;195262;470886;READY_FOR_DELIVERY;ACCEPTED: 170753\\ {color:red}EXPORTED: 396{color}\\IN_PROGRESS: 4\\NA_AUDIT: 8629\\NA_BLOCKED: 20678\\NA_DUPLICATE: 1614\\NA_NED: 1569\\REJECTED: 21\\NE_NO_PERSONAS: 4;
136;2020-04-19 12:16:01;624CC290-5A21-4CFA-9781-F54B720CAE4F;2358;Brasil, Rio de Janeiro—Registro Civil, Óbitos, 1900–2012 \[Parte B\];{color:red}image count: 126676!=126678\\blocked image count: 2913!=2911\\{color};{color:red}[624CC290-5A21-4CFA-9781-F54B720CAE4F] \\ the first and last image in batchingbatch 28C5BBD6-4E30-4ADA-8EC7-CA90F4DBFA6A are not blocked and are not associated with an indexing batch{color};331;26138;1243;126678;157305;READY_FOR_DELIVERY;ACCEPTED: 123265\\ {color:red}EXPORTED: 272{color}\\NA_AUDIT: 6183\\NA_BLOCKED: 2913\\NA_DUPLICATE: 16\\NA_NED: 207\\REJECTED: 4\\NE_NO_PERSONAS: 1;
141;2020-04-19 11:56:09;4F02B9D9-1261-4C3E-AE4A-D6F57446986D;564;Brasil, São Paulo—Cartões de Imigração, 1938–1980 \[Parte 2J\];{color:red}batches w/too many images: \\7654196C-35F0-4CAA-B4FC-2F997B61D12A : 400\\{color};{color:red}[4F02B9D9-1261-4C3E-AE4A-D6F57446986D]{color};100;3992;191;71127;35536;READY_FOR_DELIVERY;ACCEPTED: 31600\\ {color:red}EXPORTED: 3736{color}\\NA_AUDIT: 1740\\NA_BLOCKED: 35579\\NA_DUPLICATE: 193\\NA_NED: 19;
174;2020-04-19 12:10:00;27FCEC51-9261-4943-B03B-A002E402D652;2114;Brasil, São Paulo—Registro Civil, Nacimientos, 1907–1995 \[Parte F\];{color:red}imageset count: 899!=897\\image count: 215575!=214782\\blocked image count: 5649!=215163\\{color};{color:red}[27FCEC51-9261-4943-B03B-A002E402D652] \\ there are 84 batches (including audit) that do not have workflows{color};897;22300;1034;214782;209686;READY_FOR_DELIVERY;ACCEPTED: 208035\\ {color:red}EXPORTED: 154{color}\\NA_AUDIT: 10263\\NA_BLOCKED: 5649\\NA_DUPLICATE: 187\\NA_NED: 1548\\ {color:red}NOT_EXPORTED: 2{color};
191;2020-04-19 12:33:08;3FD8C214-33A8-4871-B662-EF52CE01A802;3401;Brazil, São Paulo—Civil Registration, 1907-1995 \[Part BJ\];{color:red}image count: 115055!=115057\\{color};{color:red}[3FD8C214-33A8-4871-B662-EF52CE01A802]{color};500;39333;1864;115057;112286;READY_FOR_DELIVERY;ACCEPTED: 111125\\ {color:red}EXPORTED: 172{color}\\NA_AUDIT: 5582\\NA_BLOCKED: 3162\\NA_DUPLICATE: 392\\NA_NED: 173\\REJECTED: 3\\NE_NO_PERSONAS: 29;
211;2020-04-19 12:23:05;EB663007-5FE1-4DD4-878F-1829B3E08D3A;2746;Chile—Registros de cementerios, 1880–2015 \[Part A\];{color:red}batches w/too many images: \\1871EE52-7E56-4CAA-A5D8-610488400342 : 436\\{color};{color:red}[EB663007-5FE1-4DD4-878F-1829B3E08D3A]{color};470;38014;1799;192191;108371;READY_FOR_DELIVERY;ACCEPTED: 48284\\ {color:red}EXPORTED: 101{color}\\NA_AUDIT: 7795\\NA_BLOCKED: 34878\\NA_DUPLICATE: 4253\\NA_NED: 104675;
218;2020-04-19 12:13:02;0E0DFABF-6EAB-4EAA-BAA7-0C702CE16CF1;2250;Colombia, Arquidiócesis de Manizales—Registros Parroquiales, 1797–2013 \[Parte H\];{color:red}imageset count: 217!=218\\image count: 80981!=81039\\{color};{color:red}[0E0DFABF-6EAB-4EAA-BAA7-0C702CE16CF1] \\ imageset 102644174 has 58 images and is not associated with either a batchingbatch or indexing batch{color};218;35187;1677;81039;248707;READY_FOR_DELIVERY;ACCEPTED: 79691\\ {color:red}EXPORTED: 310{color}\\NA_AUDIT: 4021\\NA_BLOCKED: 840\\NA_DUPLICATE: 18\\NA_NED: 122;
245;2020-04-19 12:08:59;AE034C04-1373-4014-AC14-3983765B9880;1995;Ecuador, Cuenca—Registros Parroquiales, 1786–1954 \[Part B\];{color:red}batches w/too many images: \\34353B02-9289-4FE5-B406-1AD3FDE13CF7 : 1237\\{color};{color:red}[AE034C04-1373-4014-AC14-3983765B9880] \\ #unindexedImages in batch 34353B02-9289-4FE5-B406-1AD3FDE13CF7{color};107;106199;5057;259174;1269998;READY_FOR_DELIVERY;ACCEPTED: 220670\\ {color:red}EXPORTED: 1890{color}\\IN_PROGRESS: 5\\NA_AUDIT: 11408\\NA_BLOCKED: 28918\\NA_DUPLICATE: 1710\\NA_NED: 5977\\REJECTED: 3\\NE_NO_PERSONAS: 1;
247;2020-04-19 11:59:29;C9272102-A61E-48AD-9122-2C3704AE584F;1637;El Salvador—Registros Civiles, 1836–2001 \[Parte C\];{color:red}image count: 96043!=96889\\{color};{color:red}[C9272102-A61E-48AD-9122-2C3704AE584F] \\ 846 images are not blocked and do not have an indexing batch associated{color};150;19765;943;96889;270217;READY_FOR_DELIVERY;ACCEPTED: 75007\\ {color:red}EXPORTED: 1735{color}\\NA_AUDIT: 3969\\NA_BLOCKED: 16273\\NA_DUPLICATE: 866\\NA_NED: 2133\\REJECTED: 14\\NE_NO_PERSONAS: 15;
254;2020-04-19 12:12:22;9D174D87-DC52-4621-B5DA-5A978D0F00CC;2212;France, Calvados—Première Guerre mondiale, Enregistrements du recrutement, 1867–1921 \[Partie A\];{color:red}image count: 27393!=27922\\{color};{color:red}[9D174D87-DC52-4621-B5DA-5A978D0F00CC] \\ there are 529 non-blocked images not associated with an indexing batch{color};51;2919;134;27922;29463;READY_FOR_DELIVERY;ACCEPTED: 21337\\ {color:red}EXPORTED: 11{color}\\NA_AUDIT: 1142\\NA_BLOCKED: 3981\\NA_DUPLICATE: 1981\\NA_NED: 84;
441;2020-04-19 12:16:48;9B4EABA8-CC2B-4C97-B0BE-62C016C690B2;2385;Perú, Junin—Registros Civiles, Nacimientos, 1890—1999 \[Parte L\];{color:red}image count: 137335!=137355\\{color};{color:red}[9B4EABA8-CC2B-4C97-B0BE-62C016C690B2] \\ there are 20 non-blocked images not associated with an indexing batch{color};500;102447;4869;137355;130487;READY_FOR_DELIVERY;ACCEPTED: 126971\\ {color:red}EXPORTED: 164{color}\\NA_AUDIT: 6413\\NA_BLOCKED: 8954\\NA_DUPLICATE: 146\\NA_NED: 1100;
498;2020-04-19 11:59:53;C4F542D4-BE18-416A-B38B-9BE31ADA5FE9;1654;South Africa, Cape Province—Death Notices, 1834–1989 \[Part B\];{color:red}batches w/too many images: \\DA8C903B-AF38-4628-BF20-BEBDF84C9B25 : 413\\2EBAAADB-0B42-4A46-A193-9E111FDD2B70 : 502\\{color};{color:red}[C4F542D4-BE18-416A-B38B-9BE31ADA5FE9] \\ #unindexedImages in batch 2EBAAADB-0B42-4A46-A193-9E111FDD2B70{color};555;33992;1599;878309;1889541;READY_FOR_DELIVERY;ACCEPTED: 278711\\ {color:red}EXPORTED: 544{color}\\NA_AUDIT: 14567\\NA_BLOCKED: 582576\\NA_DUPLICATE: 10715\\NA_NED: 5929\\NE_NO_PERSONAS: 2;
500;2020-04-19 12:05:33;A25AE7EC-61DC-4751-A138-273FE5802830;1879;South Africa, Cape Province—Death Notices, 1895–1972 \[Part C\];{color:red}image count: 592834!=592837\\{color};{color:red}[A25AE7EC-61DC-4751-A138-273FE5802830]{color};198;61097;2908;592837;951078;READY_FOR_DELIVERY;ACCEPTED: 566697\\ {color:red}EXPORTED: 821{color}\\IN_PROGRESS: 10\\NA_AUDIT: 28720\\NA_BLOCKED: 18378\\NA_DUPLICATE: 6337\\NA_NED: 578\\REJECTED: 9\\NE_NO_PERSONAS: 4;
511;2020-04-19 12:12:45;43752B23-F048-4C22-ACA3-F8190681A057;2235;South Africa, Transvaal—Death Notices from Probate Files, 1869–1958 \[Part C\];{color:red}image count: 440325!=440421\\{color};{color:red}[43752B23-F048-4C22-ACA3-F8190681A057] \\ 96 images are not blocked and do not have an indexing batch associated{color};200;16934;800;440421;460609;READY_FOR_DELIVERY;ACCEPTED: 72574\\ {color:red}EXPORTED: 50{color}\\NA_AUDIT: 3972\\NA_BLOCKED: 360249\\NA_DUPLICATE: 3451\\NA_NED: 4001;
515;2020-04-19 12:01:57;06660EB2-3409-4817-8124-84FA2CCFB5DE;1718;South Africa, Transvaal—Marriage Records, 1870–1930;{color:red}batch count: 52983!=52984\\image count: 534102!=554206\\{color};{color:red}[06660EB2-3409-4817-8124-84FA2CCFB5DE] \\ batch B9D51CF7-8882-4F8A-A48C-14B2B186F360 does not have a workflow,20104 non-blocked imagges are not associated with an indexing batch{color};177;55629;2645;554206;254673;READY_FOR_DELIVERY;ACCEPTED: 253506\\ {color:red}EXPORTED: 157{color}\\NA_AUDIT: 26186\\NA_BLOCKED: 9773\\NA_DUPLICATE: 269583\\NA_NED: 1083;
600;2020-04-19 12:18:15;6FA7785F-2E5A-4F49-BDA2-006889DBCDCD;2450;US (Quick Batch), Illinois, Cook County—Marriages, 1921–1964 \[Part M\];{color:red}batches w/too many images: \\29463667-CD98-4344-8132-6BEC211CB9E2 : 398\\F561996C-4251-4367-861C-D4CEDB324065 : 424\\{color};{color:red}[6FA7785F-2E5A-4F49-BDA2-006889DBCDCD]{color};578;293666;13980;575929;286419;READY_FOR_DELIVERY;ACCEPTED: 283018\\ {color:red}EXPORTED: 3036{color}\\NA_AUDIT: 14216\\NA_BLOCKED: 289786\\NA_DUPLICATE: 1\\NA_NED: 88;
617;2020-04-19 12:14:00;BF756A9A-DAAB-419D-9C81-3F60D0BEC079;2320;US (Quick Batch), Minnesota—County Death Records, 1850–1999 \[Part A\];{color:red}batches w/too many images: \\0C0DD25D-9993-4EA0-A899-575AB3B0D4D6 : 854\\{color};{color:red}[BF756A9A-DAAB-419D-9C81-3F60D0BEC079] \\ #unindexedImages in batch 0C0DD25D-9993-4EA0-A899-575AB3B0D4D6{color};259;264841;12604;387035;1225632;READY_FOR_DELIVERY;ACCEPTED: 256550\\ {color:red}EXPORTED: 517{color}\\IN_PROGRESS: 1\\NA_AUDIT: 13053\\NA_BLOCKED: 125572\\NA_DUPLICATE: 34\\NA_NED: 5215;
620;2020-04-19 12:24:37;8C1571B2-30F5-4401-8D1D-6AD8360EE65B;2779;US (Quick Batch), New Jersey—Naturalization Records, 1796–1991 \[Part M\];{color:red}image count: 231603!=231695\\{color};{color:red}[8C1571B2-30F5-4401-8D1D-6AD8360EE65B] \\ 92 images are not associated with a batchingbatch or indexing batch{color};249;36998;1753;231695;79170;READY_FOR_DELIVERY;ACCEPTED: 77707\\ {color:red}EXPORTED: 141{color}\\NA_AUDIT: 3907\\NA_BLOCKED: 152777\\NA_DUPLICATE: 94\\NA_NED: 884;
659;2020-04-19 12:26:13;49B68109-B3AC-4780-B798-11E92BB9E830;2900;US, Alabama—Department of Archives and History, Confederate Pension Applications, 1880–1930's;{color:red}image count: 503495!=503496\\{color};{color:red}[49B68109-B3AC-4780-B798-11E92BB9E830]{color};275;41668;1974;503496;264895;READY_FOR_DELIVERY;ACCEPTED: 248805\\ {color:red}EXPORTED: 12740{color}\\NA_AUDIT: 14184\\NA_BLOCKED: 218413\\NA_DUPLICATE: 1587\\NA_NED: 21742\\REJECTED: 19\\NE_NO_PERSONAS: 189;
690;2020-04-19 12:04:30;74166EB7-99C0-4D38-B789-66A8D78F4E82;1848;US, California, Los Angeles County—County Death Records, 1898–1978 \[Part B\];{color:red}image count: 508983!=509277\\{color};{color:red}[74166EB7-99C0-4D38-B789-66A8D78F4E82] \\ 294 images are not associated with batches{color};200;53692;2550;509277;425545;READY_FOR_DELIVERY;ACCEPTED: 424575\\ {color:red}EXPORTED: 374{color}\\NA_AUDIT: 23303\\NA_BLOCKED: 41474\\NA_DUPLICATE: 41291\\NA_NED: 1269;
732;2020-04-23 19:44:12;98D490FA-2E58-4732-AD89-714D68562CA7;2591;US, Delaware—Marriage Records, Brides Indexes, 1750–1990 \[Part G\];{color:red}batches w/o workflow state: 21173\\batch count: 17969!=38133\\audit batch count: 895!=1904\\image count: 180050!=383004\\blocked image count: 42!=382917\\{color};{color:red}[98D490FA-2E58-4732-AD89-714D68562CA7] \\ looks like 20K+ batches do not have workflows{color};41;40037;1904;383004;180194;READY_FOR_DELIVERY;ACCEPTED: 179896\\ {color:red}EXPORTED: 34{color}\\NA_AUDIT: 8961\\NA_BLOCKED: 42\\NA_DUPLICATE: 63\\NA_NED: 5\\REJECTED: 10;
751;2020-04-19 12:01:40;80DE64CC-380E-4426-B2EC-EDAF6BA3AC3D;1695;US, Georgia, Houston County—Marriage Records, 1832–2015 ;{color:red}image count: 94222!=95308\\blocked image count: 5198!=5176\\{color};{color:red}[80DE64CC-380E-4426-B2EC-EDAF6BA3AC3D] \\ 1086 non blocked images do not have an indexing batch{color};144;9527;447;95308;117049;READY_FOR_DELIVERY;ACCEPTED: 88721\\ {color:red}EXPORTED: 22{color}\\NA_AUDIT: 4387\\NA_BLOCKED: 5198\\NA_DUPLICATE: 136\\NA_NED: 145;
800;2020-04-19 12:05:58;1BE40866-7753-41B6-B272-FCF12C4D16BC;1897;US, Illinois, Cook County—Marriages, 1921–1949 \[Part J\];{color:red}batches w/too many images: \\80B90273-DFDB-4174-9658-8B8E5BB6BCD4 : 497\\{color};{color:red}[1BE40866-7753-41B6-B272-FCF12C4D16BC]{color};282;15416;742;280734;139864;READY_FOR_DELIVERY;ACCEPTED: 139669\\ {color:red}EXPORTED: 6{color}\\NA_AUDIT: 7079\\NA_BLOCKED: 140923\\NA_DUPLICATE: 29\\NA_NED: 107;
811;2020-04-19 12:28:38;2566FC70-C54E-41DA-A384-8DECE190F8D7;2974;US, Illinois—World War I Draft Registration Cards, 1917–1918 \[Part A\];{color:red}batches w/too many images: \\F10D2553-ADD8-412E-B0CD-650583892D62 : 5306\\{color};{color:red}[2566FC70-C54E-41DA-A384-8DECE190F8D7] \\ #unindexedImages in batch F10D2553-ADD8-412E-B0CD-650583892D62{color};287;169042;8049;1617815;1607299;READY_FOR_DELIVERY;ACCEPTED: 1604303\\ {color:red}EXPORTED: 4871{color}\\NA_AUDIT: 80432\\NA_BLOCKED: 4151\\NA_DUPLICATE: 1633\\NA_NED: 2648\\REJECTED: 209;
827;2020-04-19 12:16:27;7CAAE2D6-7CBD-40F0-9BE0-841D7B7D4FD7;2372;US, Iowa, Monroe County—Vital Records Card Index, Deaths, 1900–2015;{color:red}batches w/o workflow state: 3665\\batch count: 1497!=4992\\audit batch count: 76!=246\\{color};{color:red}[7CAAE2D6-7CBD-40F0-9BE0-841D7B7D4FD7] \\ 3496 indexing batches without workflows{color};19;5238;246;16172;99;READY_FOR_DELIVERY;ACCEPTED: 1\\NA_AUDIT: 751\\NA_BLOCKED: 1312\\NA_NED: 14830\\REJECTED: 29;
842;2020-04-19 11:58:12;4104188D-600D-442F-BFF0-64E4E333864B;1550;US, Iowa—Old Age Assistance Records, 1934–1946 \[Part D\];{color:red}batches w/too many images: \\1C1B3F34-E404-47FE-BCD8-0CC8B67A8016 : 2399\\{color};{color:red}[4104188D-600D-442F-BFF0-64E4E333864B] \\ #unindexedImages in batch 1C1B3F34-E404-47FE-BCD8-0CC8B67A8016{color};66;22257;1061;171291;272389;READY_FOR_DELIVERY;ACCEPTED: 143693\\ {color:red}EXPORTED: 24{color}\\NA_AUDIT: 7302\\NA_BLOCKED: 22813\\NA_DUPLICATE: 1050\\NA_NED: 1802\\NE_NO_PERSONAS: 1909;
856;2020-04-19 12:06:17;62BB214E-B0A5-489C-BA43-3058A190C46F;1917;US, Kansas—1915 State Census \[Part A\];{color:red}image count: 305051!=305052\\{color};{color:red}[62BB214E-B0A5-489C-BA43-3058A190C46F] \\ image 16160094-F214-413E-8C25-E6EA579960C3 should be blocked and  it is not, it is blocked in {color};271;56485;2686;305052;1686596;READY_FOR_DELIVERY;ACCEPTED: 48362\\ {color:red}EXPORTED: 6439{color}\\NA_AUDIT: 5360\\NA_BLOCKED: 197654\\NA_DUPLICATE: 308\\NA_NED: 52288;
857;2020-04-19 12:01:33;33651B1F-8E0B-439E-B84C-E7CCA17B562E;1694;US, Kansas—1925 State Census;{color:red}image count: 111875!=112925\\{color};{color:red}[33651B1F-8E0B-439E-B84C-E7CCA17B562E] \\ 1050 images are not blocked and are not associated with an indexing batch{color};177;61748;2932;112925;1897620;READY_FOR_DELIVERY;ACCEPTED: 38862\\ {color:red}EXPORTED: 19953{color}\\NA_AUDIT: 2985\\NA_BLOCKED: 52849\\NA_DUPLICATE: 8\\NA_NED: 203;
991;2020-04-19 12:13:18;A21328DF-DA70-4950-91AA-8E68B749FFBC;2276;US, New Jersey—Naturalization Records, 1796–1991 \[Part I\];{color:red}image count: 97819!=97823\\{color};{color:red}[A21328DF-DA70-4950-91AA-8E68B749FFBC] \\ 4 images are not associated with indexing batches, they are not blocked, but look like there is no extractable data{color};489;55750;2649;97823;57682;READY_FOR_DELIVERY;ACCEPTED: 54945\\ {color:red}EXPORTED: 144{color}\\NA_AUDIT: 3496\\NA_BLOCKED: 26854\\NA_DUPLICATE: 87\\NA_NED: 15845;
993;2020-04-19 12:17:28;DAA0FAD2-D330-4708-93F9-095721623C1A;2431;US, New Jersey—Naturalization Records, 1796–1991 \[Part K\];{color:red}batches w/too many images: \\2FCB9DCC-B5CA-4F1D-83F7-5EE8AEC61D8E : 1163\\imageset count: 291!=292\\image count: 72436!=73362\\blocked image count: 18148!=18080\\{color};{color:red}[DAA0FAD2-D330-4708-93F9-095721623C1A]{color};292;5738;261;73362;53912;READY_FOR_DELIVERY;ACCEPTED: 52868\\ {color:red}EXPORTED: 762{color}\\NA_AUDIT: 2522\\NA_BLOCKED: 18148\\NA_DUPLICATE: 40\\NA_NED: 618;
1010;2020-04-19 12:22:10;831FDF3A-3E4A-4768-A799-FD8ABEE2101A;2696;US, New York, Kings and Richmond—Index to Land Records, Grantors, 1630-1975 \[Part B\];{color:red}batches w/o workflow state: 31991\\batch count: 46306!=76772\\audit batch count: 2310!=3835\\{color};{color:red}[831FDF3A-3E4A-4768-A799-FD8ABEE2101A] \\ I didn't not valid them all but 31991 batches do not have workflows{color};78;80607;3835;47658;1145833;READY_FOR_DELIVERY;ACCEPTED: 45620\\ {color:red}EXPORTED: 500{color}\\NA_AUDIT: 2310\\NA_BLOCKED: 1344\\NA_NED: 194;
1032;2020-04-19 12:16:36;5424424A-9832-4749-BC4E-7DEDB2078FDC;2380;US, New York—County Naturalization Records, 1792–1976 \[Part K\];{color:red}batches w/too many images: \\1BB5BF5E-5DB2-4EDD-9A46-ED8183887BF7 : 427\\{color};{color:red}[5424424A-9832-4749-BC4E-7DEDB2078FDC]{color};88;29456;1402;107658;91934;READY_FOR_DELIVERY;ACCEPTED: 65406\\ {color:red}EXPORTED: 41{color}\\NA_AUDIT: 3999\\NA_BLOCKED: 26595\\NA_DUPLICATE: 1873\\NA_NED: 13742\\NE_NO_PERSONAS: 1;
1082;2020-04-19 12:18:30;8654D079-0A32-467F-A7C5-2FFCDD476497;2456;US, Ohio—Marriage Records, 1750–1990 \[Part J\];{color:red}imageset count: 61!=62\\image count: 21822!=21899\\{color};{color:red}[8654D079-0A32-467F-A7C5-2FFCDD476497]{color};62;10248;489;21899;225248;READY_FOR_DELIVERY;ACCEPTED: 17547\\ {color:red}EXPORTED: 5{color}\\NA_AUDIT: 949\\NA_BLOCKED: 2680\\NA_DUPLICATE: 16\\NA_NED: 1574;
1145;2020-04-19 12:03:06;8F2C05E9-BE9F-4CB8-BE33-D6A0656FF6DD;1790;US, Pennsylvania—World War II Draft Registrations, 1940–1945 \[Part Q\];{color:red}image count: 197825!=197826\\{color};{color:red}[8F2C05E9-BE9F-4CB8-BE33-D6A0656FF6DD] \\ 1 image E6FF3FC9-C65D-44FB-A8D5-651F7C88DBB4 is not blocked and has no indexing batch, looks like an NA_NED image{color};200;21024;994;197826;185587;READY_FOR_DELIVERY;ACCEPTED: 183490\\ {color:red}EXPORTED: 127{color}\\NA_AUDIT: 9135\\NA_BLOCKED: 13916\\NA_DUPLICATE: 65\\NA_NED: 227;
1163;2020-04-19 12:33:40;68890D31-A896-47F4-89FB-0A5E529FEA30;3484;US, South Carolina, Charleston—Birth Registers, 1901–1926 \[Part A\];{color:red}imageset count: 11!=6\\image count: 1351!=1341\\blocked image count: 29!=19\\{color};{color:red}[68890D31-A896-47F4-89FB-0A5E529FEA30]{color};6;1387;65;1341;20524;READY_FOR_DELIVERY;ACCEPTED: 1297\\NA_AUDIT: 65\\NA_BLOCKED: 29\\NA_NED: 2\\REJECTED: 23;
1186;2020-04-19 12:09:48;F7E37B4F-6814-4843-9824-C0555BFF7F3F;2105;US, Texas, Cooke County—Probate Records, 1849–1982;{color:red}batches w/too many images: \\2AA147E7-7D2E-49FC-A29C-7655DC5CA20C : 1369\\{color};{color:red}[F7E37B4F-6814-4843-9824-C0555BFF7F3F] \\ #unindexedImages in batch 2AA147E7-7D2E-49FC-A29C-7655DC5CA20C{color};193;734;31;200410;4836;READY_FOR_DELIVERY;ACCEPTED: 4514\\NA_AUDIT: 220\\NA_BLOCKED: 192761\\NA_DUPLICATE: 4\\NA_NED: 2262\\ {color:red}NOT_EXPORTED: 869{color};
1208;2020-04-19 11:56:16;180E49FD-2D50-41CB-89C4-6B89B1D4C68C;635;US, Utah—Birth Certificates, 1903–1910 \[Part 1D\];{color:red}image count: 14089!=14090\\{color};{color:red}[180E49FD-2D50-41CB-89C4-6B89B1D4C68C]{color};297;1579;64;14090;13207;READY_FOR_DELIVERY;ACCEPTED: 13127\\ {color:red}EXPORTED: 4{color}\\NA_AUDIT: 542\\NA_BLOCKED: 873\\NA_DUPLICATE: 36\\NA_NED: 49;
1250;2020-04-19 12:14:56;BBAAD840-13AA-4D2A-A481-583F595F2ECB;2334;US, Wisconsin—Birth Records, 1964–1980;{color:red}image count: 1241499!=1241699\\{color};{color:red}[BBAAD840-13AA-4D2A-A481-583F595F2ECB] \\ there are 1346 batches (including audit) that do not have workflows{color};485;640135;30474;1241699;1227199;READY_FOR_DELIVERY;ACCEPTED: 1221226\\ {color:red}EXPORTED: 504{color}\\IN_PROGRESS: 2563\\NA_AUDIT: 61472\\NA_BLOCKED: 14105\\NA_DUPLICATE: 170\\NA_NED: 5494;
1265;2020-04-21 14:43:30;7DF5BA49-7CBA-439D-912A-21214A116D61;1683;US—Canadian Border Crossings, 1894–1954;{color:red}image count: 320280!=325108\\{color};{color:red}[7DF5BA49-7CBA-439D-912A-21214A116D61] \\ batch EC828A1C-68D7-426C-AB82-3389CA312ED7 does not have a workflow, 4828 images are not blocked and not associated to an indexing batch{color};31;19976;950;325108;205248;READY_FOR_DELIVERY;ACCEPTED: 156645\\ {color:red}EXPORTED: 195{color}\\NA_AUDIT: 8382\\NA_BLOCKED: 152332\\NA_DUPLICATE: 222\\NA_NED: 10886;
1268;2020-04-19 11:59:21;88FA91C6-B479-4602-9D1C-86019C0896F7;1628;US—Freedmen’s Bureau, Hospital Records, 1865–1872 \[Part B\];{color:red}batches w/too many images: \\6C34FA8D-663C-4D27-BCB8-5AB79C4AF12A : 421\\{color};{color:red}[88FA91C6-B479-4602-9D1C-86019C0896F7]{color};51;9026;428;53399;51354;READY_FOR_DELIVERY;ACCEPTED: 1365\\ {color:red}EXPORTED: 60{color}\\NA_AUDIT: 576\\NA_BLOCKED: 41154\\NA_DUPLICATE: 20\\NA_NED: 10800;
1281;2020-04-19 12:19:02;E05A500C-35BE-41D9-854F-7BBE533582BF;2475;US—Newsbank, Death Records, 1815–2011;{color:red}image count: 91512!=91514\\{color};{color:red}[E05A500C-35BE-41D9-854F-7BBE533582BF]{color};101;18658;888;91514;536809;READY_FOR_DELIVERY;ACCEPTED: 86347\\ {color:red}EXPORTED: 1223{color}\\NA_AUDIT: 4491\\NA_BLOCKED: 1282\\NA_DUPLICATE: 152\\NA_NED: 2219\\REJECTED: 289;
1292;2020-04-23 23:30:30;2C401FC1-902B-436D-98E2-CFD27EFC063E;2910;US—Obituaries, 1980–2014 \[Part 2AR\];{color:red}image count: 180748!=180745\\blocked image count: 177275!=180511\\{color};{color:red}[2C401FC1-902B-436D-98E2-CFD27EFC063E]{color};235;1900;89;180745;24925;READY_FOR_DELIVERY;ACCEPTED: 2356\\ {color:red}EXPORTED: 2{color}\\NA_AUDIT: 173\\NA_BLOCKED: 177275\\NA_DUPLICATE: 35\\NA_NED: 1080;
1307;2020-04-19 12:34:02;C7CA6DA6-99A0-4728-8178-2997F667CA61;3487;United States, Enlisted and Officer Muster Rolls and Rosters, 1916–1939 \[Part C\];{color:red}imageset count: 99!=100\\image count: 183595!=185458\\{color};{color:red}[C7CA6DA6-99A0-4728-8178-2997F667CA61]{color};100;158411;7536;185458;5403236;READY_FOR_DELIVERY;ACCEPTED: 148486\\ {color:red}EXPORTED: 7{color}\\NA_AUDIT: 7536\\NA_BLOCKED: 32717\\NA_NED: 2099\\REJECTED: 285\\NE_NO_PERSONAS: 1;
1309;2020-04-19 12:17:49;7838FF6D-99FE-44D5-9FCC-7724B57A72E6;2448;Venezuela, Archdiocese of Valencia—Catholic Church Records, 1924—2014 \[Part D\];{color:red}image count: 57219!=57224\\{color};{color:red}[7838FF6D-99FE-44D5-9FCC-7724B57A72E6] \\ there are 5 images that have 2 batching batches, in one they are blocked, in the other they are not, they all are not associated with an indexing batch{color};145;10803;508;57224;145636;READY_FOR_DELIVERY;ACCEPTED: 51686\\ {color:red}EXPORTED: 76{color}\\NA_AUDIT: 2544\\NA_BLOCKED: 5360\\NA_DUPLICATE: 8\\NA_NED: 84\\REJECTED: 5;
1324;2020-04-24 18:39:57;40ED89EA-E80B-417B-BBC1-A7522A1155C0;2885;Argentina, Entre Rios—Civil Registration, 1860–1965 \[Part B\];{color:red}image count: 33991!=33659\\blocked image count: 15007!=14886\\{color};{color:red}[40ED89EA-E80B-417B-BBC1-A7522A1155C0]{color};159;4057;185;33659;231;ACTIVE;ACCEPTED: 122\\IN_PROGRESS: 18855\\NA_AUDIT: 901\\NA_BLOCKED: 15007\\NA_NED: 3\\REJECTED: 3\\NE_NO_PERSONAS: 1;
1327;2020-04-24 18:47:30;C942D022-656F-44EA-B965-FFC01EAC0A67;3254;Argentina, Entre Ríos—Registro Civil, 1860–1965 \[Parte D\];{color:red}image count: 47002!=45364\\blocked image count: 7499!=7237\\{color};{color:red}[C942D022-656F-44EA-B965-FFC01EAC0A67]{color};217;10456;495;45364;71144;ACTIVE;ACCEPTED: 36376\\ {color:red}EXPORTED: 2638{color}\\IN_PROGRESS: 16\\NA_AUDIT: 1960\\NA_BLOCKED: 7499\\NA_DUPLICATE: 18\\NA_NED: 420\\REJECTED: 23\\NE_NO_PERSONAS: 12;
1330;2020-04-24 18:35:05;AEAAF336-507A-4482-A3C3-05D6F7FBA54B;2647;Argentina, Salta—Registros de la Iglesia Católica, 1673–1972;{color:red}imageset count: 156!=155\\image count: 103060!=102945\\blocked image count: 14639!=14524\\{color};{color:red}[AEAAF336-507A-4482-A3C3-05D6F7FBA54B]{color};155;30087;1423;102945;381492;ACTIVE;ACCEPTED: 80552\\ {color:red}EXPORTED: 4043{color}\\IN_PROGRESS: 10\\NA_AUDIT: 4385\\NA_BLOCKED: 14639\\NA_DUPLICATE: 1255\\NA_NED: 2512\\REJECTED: 35\\NE_NO_PERSONAS: 14;
1339;2020-04-24 18:14:44;5FDE4608-A36B-4228-B255-51A0E7EF61E9;1598;België, Provincie Antwerpen—Burgerlijke Stand, 1851–1910 \[Part C\];{color:red}image count: 110968!=111932\\{color};{color:red}[5FDE4608-A36B-4228-B255-51A0E7EF61E9]{color};200;33409;1587;111932;127872;ACTIVE;ACCEPTED: 32756\\ {color:red}EXPORTED: 1277{color}\\IN_PROGRESS: 46208\\NA_AUDIT: 4211\\NA_BLOCKED: 26213\\NA_DUPLICATE: 317\\NA_NED: 4193\\REJECTED: 3\\NE_NO_PERSONAS: 1;ACCEPTED: 22\\IN_PROGRESS: -22
1341;2020-04-24 18:39:50;D6CF1CFC-8A7E-4E9B-B7D4-17792B321A4D;2884;Bolivia, Departamento de La Paz—Registros de la Iglesia Católica, 1627–1965 \[Parte A\];{color:red}imageset count: 200!=199\\{color};{color:red}[D6CF1CFC-8A7E-4E9B-B7D4-17792B321A4D]{color};199;52292;2491;131533;193942;ACTIVE;ACCEPTED: 26836\\ {color:red}EXPORTED: 2310{color}\\ {color:red}FAILED: 5{color}\\IN_PROGRESS: 91825\\NA_AUDIT: 6249\\NA_BLOCKED: 6642\\NA_DUPLICATE: 589\\NA_NED: 3267\\REJECTED: 36\\NE_NO_PERSONAS: 23;ACCEPTED: 138\\IN_PROGRESS: -136\\NA_NED: -2
1351;2020-04-24 18:52:49;A343B930-B3E3-4FEC-BE45-FD38935BFA54;3376;Brazil, Paraná—Civil Registration, 1852–1996 \[Part A2\];{color:red}image count: 241442!=220125\\blocked image count: 21769!=19486\\{color};{color:red}[A343B930-B3E3-4FEC-BE45-FD38935BFA54]{color};199;51242;2439;220125;214612;ACTIVE;ACCEPTED: 73614\\ {color:red}EXPORTED: 4305{color}\\IN_PROGRESS: 137079\\NA_AUDIT: 10945\\NA_BLOCKED: 21769\\NA_DUPLICATE: 368\\NA_NED: 3410\\REJECTED: 482\\NE_NO_PERSONAS: 415;ACCEPTED: 1309\\IN_PROGRESS: -1362\\NA_DUPLICATE: 7\\NA_NED: 22\\REJECTED: 13\\NE_NO_PERSONAS: 11
1355;2020-04-24 18:48:56;BC5F56AD-3C8C-4945-81F8-55CD26190499;3274;Brazil, São Paulo—Civil Registration, 1907-1995 \[Part BD\];{color:red}image count: 699426!=698815\\blocked image count: 17078!=17065\\{color};{color:red}[BC5F56AD-3C8C-4945-81F8-55CD26190499]{color};3129;239875;11287;698815;683280;ACTIVE;ACCEPTED: 660617\\ {color:red}EXPORTED: 15476{color}\\IN_PROGRESS: 140\\NA_AUDIT: 33712\\NA_BLOCKED: 17078\\NA_DUPLICATE: 813\\NA_NED: 4019\\REJECTED: 39\\NE_NO_PERSONAS: 1244;ACCEPTED: 3\\IN_PROGRESS: -3\\NA_NED: -3\\NE_NO_PERSONAS: 3
1357;2020-04-24 18:51:50;D701F9C5-9F3B-4BCD-A34B-9D9C52174410;3342;Brazil, São Paulo—Civil Registration, 1907-1995 \[Part BG\];{color:red}image count: 108518!=106086\\blocked image count: 3357!=3309\\{color};{color:red}[D701F9C5-9F3B-4BCD-A34B-9D9C52174410]{color};500;36964;1738;106086;106771;ACTIVE;ACCEPTED: 90613\\ {color:red}EXPORTED: 14182{color}\\IN_PROGRESS: 3\\NA_AUDIT: 5199\\NA_BLOCKED: 3357\\NA_DUPLICATE: 50\\NA_NED: 300\\REJECTED: 6\\NE_NO_PERSONAS: 7;
1361;2020-04-24 18:47:43;7FE4F57E-F7CC-451A-BBC2-4EC223442328;3262;Brazil, São Paulo—Civil Registration, 1907–1995 \[Parte AZ\];{color:red}image count: 133086!=123453\\blocked image count: 3262!=3021\\{color};{color:red}[7FE4F57E-F7CC-451A-BBC2-4EC223442328]{color};600;45649;2163;123453;130833;ACTIVE;ACCEPTED: 108409\\ {color:red}EXPORTED: 21097{color}\\IN_PROGRESS: 3\\NA_AUDIT: 6452\\NA_BLOCKED: 3262\\NA_DUPLICATE: 87\\NA_NED: 221\\REJECTED: 2\\NE_NO_PERSONAS: 5;
1386;2020-04-24 18:22:06;ACB80718-5DA9-42FE-99ED-08CA3ABEDFD9;2005;Ecuador—Registros de la Iglesia Católica, 1615–1996 \[Part A\];{color:red}batches w/too many images: \\3EBA7D58-D5DB-4021-9100-21E0B5D643EA : 2622\\image count: 648662!=645413\\blocked image count: 93134!=92645\\{color};{color:red}[ACB80718-5DA9-42FE-99ED-08CA3ABEDFD9] \\ #unindexedImages in batch 3EBA7D58-D5DB-4021-9100-21E0B5D643EA{color};317;337922;16085;645413;1759571;ACTIVE;ACCEPTED: 240445\\ {color:red}EXPORTED: 6872{color}\\ {color:red}FAILED: 2{color}\\IN_PROGRESS: 288202\\NA_AUDIT: 27593\\NA_BLOCKED: 93134\\NA_DUPLICATE: 898\\NA_NED: 18651\\REJECTED: 409\\NE_NO_PERSONAS: 49;ACCEPTED: 1796\\IN_PROGRESS: -1821\\NA_DUPLICATE: 1\\NA_NED: 16\\REJECTED: 8
1387;2020-04-24 18:20:37;15916825-2453-4F65-9D54-91FA7CAF8C58;2001;El Salvador, Registros Civiles, 1836–2001 \[Parte D\];{color:red}image count: 565118!=561793\\blocked image count: 41457!=41182\\{color};{color:red}[15916825-2453-4F65-9D54-91FA7CAF8C58]{color};390;314726;14985;561793;382863;ACTIVE;ACCEPTED: 134931\\ {color:red}EXPORTED: 678{color}\\ {color:red}FAILED: 10{color}\\IN_PROGRESS: 377118\\NA_AUDIT: 26179\\NA_BLOCKED: 41457\\NA_DUPLICATE: 1874\\NA_NED: 8188\\REJECTED: 620\\NE_NO_PERSONAS: 242;ACCEPTED: 777\\IN_PROGRESS: -794\\NA_DUPLICATE: 13\\NA_NED: 4
1404;2020-04-24 18:54:15;74413892-9D82-4BE0-B022-1DEC18E29266;3396;French Polynesia (Quick Batch)—Civil Registration, 1780–2002 \[Part C\];{color:red}imageset count: 258!=49\\image count: 413891!=74658\\blocked image count: 380612!=11517\\{color};{color:red}[74413892-9D82-4BE0-B022-1DEC18E29266]{color};49;14099;672;74658;14726;ACTIVE;ACCEPTED: 7130\\ {color:red}EXPORTED: 4{color}\\IN_PROGRESS: 55782\\NA_AUDIT: 3149\\NA_BLOCKED: 380612\\NA_DUPLICATE: 25\\NA_NED: 190\\REJECTED: 6\\NE_NO_PERSONAS: 4;
1405;2020-04-24 19:21:36;3DFC2C0B-86A5-4875-BF9B-0BE88658BE8B;3794;French Polynesia—Civil Registration, 1780–2002 \[Part D\];{color:red}imageset count: 27!=75\\{color};{color:red}[3DFC2C0B-86A5-4875-BF9B-0BE88658BE8B]{color};75;7712;370;52647;1946;ACTIVE;ACCEPTED: 1935\\IN_PROGRESS: 41966\\NA_AUDIT: 2215\\NA_BLOCKED: 8727\\NA_DUPLICATE: 1\\NA_NED: 18;
1417;2020-04-24 18:59:24;8BC97FFE-C496-498F-A9E8-771FCA2853C2;3486;Haiti—Civil Registration of Deaths, 1824–2013 \[Part G\];{color:red}imageset count: 261!=259\\image count: 15867!=15852\\blocked image count: 1948!=1933\\{color};{color:red}[8BC97FFE-C496-498F-A9E8-771FCA2853C2]{color};259;3215;155;15852;2240;ACTIVE;ACCEPTED: 1743\\IN_PROGRESS: 12129\\NA_AUDIT: 707\\NA_BLOCKED: 1948\\NA_NED: 46\\NE_NO_PERSONAS: 1;ACCEPTED: 88\\IN_PROGRESS: -88
1419;2020-04-24 19:27:00;D4131E15-4625-4EA3-A43D-0B5CD9AAA8C2;3888;Haiti—Civil Registry of Deaths, 1824–2013 \[Part I\];{color:red}image count: 10983!=10963\\blocked image count: 1524!=1518\\{color};{color:red}[D4131E15-4625-4EA3-A43D-0B5CD9AAA8C2]{color};208;2069;90;10963;273;ACTIVE;ACCEPTED: 157\\IN_PROGRESS: 9301\\NA_AUDIT: 431\\NA_BLOCKED: 1524\\NA_NED: 1;
1421;2020-04-24 18:51:02;E484B655-6994-47CD-8548-CBB0DA39255F;3327;Haïti—Registres de l'Etat Civil des Décès, 1824–2013 \[Partie F\];{color:red}imageset count: 417!=416\\{color};{color:red}[E484B655-6994-47CD-8548-CBB0DA39255F]{color};416;6170;283;31418;29061;ACTIVE;ACCEPTED: 17378\\ {color:red}EXPORTED: 109{color}\\IN_PROGRESS: 9812\\NA_AUDIT: 1383\\NA_BLOCKED: 2840\\NA_DUPLICATE: 26\\NA_NED: 1240\\REJECTED: 1\\NE_NO_PERSONAS: 12;ACCEPTED: 79\\IN_PROGRESS: -79
1432;2020-04-24 18:25:13;61CDA3DF-1DE4-4793-93B5-5B7E6C6F1361;2197;Italia (Antenati Italiani), Chieti—Matrimoni, 1809–1930 \[Parte I\];{color:red}batches w/too many images: \\9D6E4FF9-1D17-475E-944A-7F69B4291920 : 1022\\image count: 230004!=228709\\blocked image count: 204461!=203303\\{color};{color:red}[61CDA3DF-1DE4-4793-93B5-5B7E6C6F1361] \\ #unindexedImages in batch 9D6E4FF9-1D17-475E-944A-7F69B4291920{color};180;5253;250;228709;1614;ACTIVE;ACCEPTED: 1569\\ {color:red}EXPORTED: 12{color}\\IN_PROGRESS: 14650\\NA_AUDIT: 1221\\NA_BLOCKED: 204461\\NA_DUPLICATE: 119\\NA_NED: 9193;
1435;2020-04-24 19:22:40;5A57F548-D60C-4F03-9B12-8A15FF1A257B;3832;Italia (Antenati Italiani), Mantova—Stato Civile, 1820–1865 \[Parte R\];{color:red}imageset count: 213!=214\\{color};{color:red}[5A57F548-D60C-4F03-9B12-8A15FF1A257B]{color};214;3646;159;20631;293;ACTIVE;ACCEPTED: 154\\IN_PROGRESS: 16818\\NA_AUDIT: 779\\NA_BLOCKED: 3654\\NA_NED: 5;ACCEPTED: 20\\IN_PROGRESS: -20
1440;2020-04-24 18:26:27;B950A793-D1DD-4406-A5E3-1A14E6695829;2229;Italia (Antenati Italiani), Palermo—Morti, 1820–1865 \[Parte B\];{color:red}batches w/too many images: \\8C758E64-FE2B-415D-BEB0-CEF3B7225D76 : 385\\{color};{color:red}[B950A793-D1DD-4406-A5E3-1A14E6695829]{color};121;23803;1130;144791;235;ACTIVE;ACCEPTED: 118\\IN_PROGRESS: 112639\\NA_AUDIT: 5605\\NA_BLOCKED: 31680\\NA_DUPLICATE: 22\\NA_NED: 332;
1443;2020-04-24 18:39:12;1667C9E1-BB2D-4E9F-AE58-F61E9B48739D;2838;Italia (Antenati Italiani), Udine—Stato Civile, 1806–1900 \[Parte 2K\];{color:red}image count: 13343!=13328\\blocked image count: 2495!=2493\\{color};{color:red}[1667C9E1-BB2D-4E9F-AE58-F61E9B48739D]{color};299;2440;103;13328;11621;ACTIVE;ACCEPTED: 5512\\ {color:red}EXPORTED: 24{color}\\IN_PROGRESS: 5145\\NA_AUDIT: 467\\NA_BLOCKED: 2495\\NA_DUPLICATE: 8\\NA_NED: 159;ACCEPTED: 12\\IN_PROGRESS: -14\\NA_DUPLICATE: 2
1448;2020-04-24 18:26:53;E4B3908F-544E-4BD4-B393-2C8006BDDB04;2249;Italia, Teramo—Stato Civile, 1818–1938 \[Parte G\];{color:red}image count: 18661!=18505\\blocked image count: 5542!=5519\\{color};{color:red}[E4B3908F-544E-4BD4-B393-2C8006BDDB04]{color};199;2844;136;18505;0;ACTIVE;\\IN_PROGRESS: 13119\\NA_AUDIT: 660\\NA_BLOCKED: 5542;
1457;2020-04-24 19:31:39;43A9392F-2CD4-428E-A280-1B06BD080AAF;3958;Italy (Antenati Italiani), Rome—Civil Registration, 1867–1929 \[Part E\];{color:red}batches w/o workflow state: 792\\batch count: 57318!=58110\\imageset count: 168!=165\\image count: 326547!=326447\\blocked image count: 97692!=43965\\{color};{color:red}[43A9392F-2CD4-428E-A280-1B06BD080AAF]{color};165;60971;2861;326447;2484;ACTIVE;ACCEPTED: 792\\IN_PROGRESS: 228022\\NA_AUDIT: 11426\\NA_BLOCKED: 97692\\NA_DUPLICATE: 24\\NA_NED: 17;ACCEPTED: 7\\IN_PROGRESS: -8\\NA_NED: 1
1481;2020-04-24 19:40:16;764A4D16-B226-4258-8617-212AAAAB7865;4060;New Zealand—Electoral Rolls, 1865–1957;{color:red}image count: 133221!=133345\\blocked image count: 5106!=133132\\{color};{color:red}[764A4D16-B226-4258-8617-212AAAAB7865]{color};213;134496;6401;133345;575595;ACTIVE;ACCEPTED: 6109\\ {color:red}EXPORTED: 1{color}\\IN_PROGRESS: 121990\\NA_AUDIT: 6403\\NA_BLOCKED: 5106\\NA_NED: 15;ACCEPTED: 199\\IN_PROGRESS: -199
1482;2020-04-24 18:52:01;8F5C3845-04AE-4E86-B067-F0B35C03D816;3343;Nicaragua—Civil Registration, 1809–2013 \[Part B\];{color:red}image count: 78315!=77077\\blocked image count: 3387!=3363\\{color};{color:red}[8F5C3845-04AE-4E86-B067-F0B35C03D816]{color};261;20088;959;77077;27379;ACTIVE;ACCEPTED: 16467\\ {color:red}EXPORTED: 19{color}\\IN_PROGRESS: 58174\\NA_AUDIT: 3762\\NA_BLOCKED: 3387\\NA_DUPLICATE: 18\\NA_NED: 208\\REJECTED: 20\\NE_NO_PERSONAS: 22;
1483;2020-04-24 19:36:46;D5CE5BF4-DFF1-4322-9BBB-42D0347FDB55;4034;Nicaragua—Civil Registration, 1809–2013 \[Part C\];{color:red}image count: 43134!=43115\\blocked image count: 2757!=2753\\{color};{color:red}[D5CE5BF4-DFF1-4322-9BBB-42D0347FDB55]{color};251;21452;1012;43115;3577;ACTIVE;ACCEPTED: 2553\\IN_PROGRESS: 37755\\NA_AUDIT: 2002\\NA_BLOCKED: 2757\\NA_DUPLICATE: 6\\NA_NED: 51\\REJECTED: 5\\NE_NO_PERSONAS: 7;ACCEPTED: 77\\IN_PROGRESS: -78\\NA_NED: 1
1494;2020-04-24 18:52:13;30723B57-56DE-4D30-853A-842C2AA3AE4C;3368;Peru (Quick Batch), Ancash—Civil Registrations, 1888–2000 \[Part Y\];{color:red}image count: 32029!=31203\\blocked image count: 2361!=2302\\{color};{color:red}[30723B57-56DE-4D30-853A-842C2AA3AE4C]{color};400;7936;363;31203;29880;ACTIVE;ACCEPTED: 29546\\ {color:red}EXPORTED: 26{color}\\IN_PROGRESS: 8\\NA_AUDIT: 1430\\NA_BLOCKED: 2361\\NA_DUPLICATE: 10\\NA_NED: 68\\REJECTED: 3\\NE_NO_PERSONAS: 7;
1512;2020-04-24 19:29:40;070A4F23-E953-4497-90D8-2292C16250E6;3943;Peru, Prelatura de Yauyos-Cañete-Huarochirí—Catholic Church Records, 1665–2018 \[Part C\];{color:red}imageset count: 32!=42\\{color};{color:red}[070A4F23-E953-4497-90D8-2292C16250E6]{color};42;812;36;19506;0;ACTIVE;\\IN_PROGRESS: 7362\\NA_AUDIT: 316\\NA_BLOCKED: 12144;
1515;2020-04-24 18:31:24;6B88A789-F2DD-4BEE-9CB4-4BF3762C3BCF;2411;Perú (Lote Rápido), Junin—Registros Civiles, Nacimientos, 1890—1999 \[Parte M\];{color:red}image count: 190982!=190837\\blocked image count: 5478!=5476\\{color};{color:red}[6B88A789-F2DD-4BEE-9CB4-4BF3762C3BCF]{color};500;175095;8332;190837;64941;ACTIVE;ACCEPTED: 59746\\ {color:red}EXPORTED: 60{color}\\IN_PROGRESS: 124129\\NA_AUDIT: 9235\\NA_BLOCKED: 5478\\NA_DUPLICATE: 23\\NA_NED: 1546;
1519;2020-04-24 18:25:55;F133C8EB-DE65-4457-9E8A-530CC99B77FD;2219;Philippines, Camarines Sur, Caceres—Registros Parroquiales, 1716–1977 \[Parte B\];{color:red}batches w/o workflow state: 501\\batch count: 46102!=46580\\audit batch count: 2302!=2325\\imageset count: 58!=57\\image count: 66396!=68778\\blocked image count: 2979!=68720\\{color};{color:red}[F133C8EB-DE65-4457-9E8A-530CC99B77FD]{color};57;48905;2325;68778;53312;ACTIVE;ACCEPTED: 10160\\ {color:red}EXPORTED: 145{color}\\IN_PROGRESS: 47197\\NA_AUDIT: 3196\\NA_BLOCKED: 2979\\NA_DUPLICATE: 168\\NA_NED: 5682\\REJECTED: 31\\NE_NO_PERSONAS: 34;ACCEPTED: 3\\IN_PROGRESS: -3
1524;2020-04-24 19:29:23;8F2E4E7C-3371-42FE-BAD5-30B48D0F9F8B;3939;Philippines—Marriage Records, 1945–1987 \[Part E\];{color:red}batches w/o workflow state: 19\\audit batch count: 3724!=3743\\imageset count: 385!=547\\image count: 804316!=799984\\blocked image count: 88142!=831274\\{color};{color:red}[8F2E4E7C-3371-42FE-BAD5-30B48D0F9F8B]{color};547;78745;3743;799984;107976;ACTIVE;ACCEPTED: 107703\\ {color:red}FAILED: 10{color}\\IN_PROGRESS: 634657\\NA_AUDIT: 36930\\NA_BLOCKED: 88142\\NA_DUPLICATE: 742\\NA_NED: 152\\REJECTED: 2\\NE_NO_PERSONAS: 11;ACCEPTED: 368\\IN_PROGRESS: -371\\NA_DUPLICATE: 2\\NA_NED: 1
1527;2020-04-24 18:59:11;D811C1B9-F3A8-4073-88B5-A4B215F4D381;3480;Portugal, Aveiro— Passport Registers, 1861–1965 \[Part B\];{color:red}imageset count: 64!=58\\image count: 1971!=1634\\blocked image count: 347!=10\\{color};{color:red}[D811C1B9-F3A8-4073-88B5-A4B215F4D381]{color};58;569;27;1634;5769;ACTIVE;ACCEPTED: 1432\\ {color:red}EXPORTED: 192{color}\\NA_AUDIT: 81\\NA_BLOCKED: 347;
1534;2020-04-24 18:18:30;47700494-5076-4222-B225-39438E59F6A1;1961;República Dominicana—Registro civil, Defunciones, 1838–1984 \[Part C\];{color:red}imageset count: 942!=978\\{color};{color:red}[47700494-5076-4222-B225-39438E59F6A1]{color};978;89850;4265;296326;101380;ACTIVE;ACCEPTED: 84020\\ {color:red}EXPORTED: 5196{color}\\IN_PROGRESS: 98088\\NA_AUDIT: 9659\\NA_BLOCKED: 102739\\NA_DUPLICATE: 118\\NA_NED: 6139\\REJECTED: 3\\NE_NO_PERSONAS: 23;ACCEPTED: 581\\IN_PROGRESS: -578\\NA_NED: -3
1550;2020-04-24 18:57:10;7A536A0D-D492-4139-93B8-F037ECD00274;3430;Spain, Province of Gerona—Electoral Census Part 3, 1904–1931;{color:red}imageset count: 25!=17\\image count: 32997!=29489\\blocked image count: 9946!=4254\\{color};{color:red}[7A536A0D-D492-4139-93B8-F037ECD00274]{color};17;24135;1150;29489;177669;ACTIVE;ACCEPTED: 2917\\ {color:red}EXPORTED: 2{color}\\IN_PROGRESS: 20106\\NA_AUDIT: 1153\\NA_BLOCKED: 9946\\NA_NED: 6\\REJECTED: 20;ACCEPTED: 369\\ {color:red}EXPORTED: 2{color}\\IN_PROGRESS: 977\\NA_AUDIT: 68\\REJECTED: 11
1574;2020-04-24 18:51:17;E95E8F99-86F6-425E-A853-A0F4F20A8EBD;3330;US, Alaska—Naturalizations, 1884–1991;{color:red}image count: 152052!=150423\\blocked image count: 65718!=64144\\{color};{color:red}[E95E8F99-86F6-425E-A853-A0F4F20A8EBD]{color};217;22920;1090;150423;81078;ACTIVE;ACCEPTED: 71375\\ {color:red}EXPORTED: 46{color}\\IN_PROGRESS: 614\\NA_AUDIT: 4312\\NA_BLOCKED: 65718\\NA_DUPLICATE: 454\\NA_NED: 13561\\REJECTED: 18\\NE_NO_PERSONAS: 266;ACCEPTED: 103\\ {color:red}EXPORTED: 9{color}\\IN_PROGRESS: -171\\NA_DUPLICATE: 2\\NA_NED: 57
1578;2020-04-24 19:45:38;9FC323A4-31F6-4254-8AD6-E4D40437C088;4150;US, Arizona—Various County Divorce Records, 1877–1937;{color:red}batches w/too many images: \\5A183B17-C211-4A34-90F2-294AD26DC9C9 : 858\\{color};{color:red}[9FC323A4-31F6-4254-8AD6-E4D40437C088]{color};57;7376;345;78866;806;ACTIVE;\\IN_PROGRESS: 54870\\NA_AUDIT: 2705\\NA_BLOCKED: 23055\\NA_DUPLICATE: 35\\NA_NED: 100\\NE_NO_PERSONAS: 806;\\IN_PROGRESS: 13530\\NA_AUDIT: 718\\NA_BLOCKED: 5204\\NA_DUPLICATE: 35\\NA_NED: 100\\NE_NO_PERSONAS: 806
1591;2020-04-24 19:15:08;E37B82F1-3C35-49BF-808C-35FB8FDAB854;3719;US, California—County Delayed Birth Certificates, 1800–1994;{color:red}imageset count: 2!=1\\{color};{color:red}[E37B82F1-3C35-49BF-808C-35FB8FDAB854]{color};1;285;13;2778;1620;ACTIVE;ACCEPTED: 1620\\IN_PROGRESS: 1051\\NA_AUDIT: 130\\NA_BLOCKED: 71\\NA_DUPLICATE: 26\\NA_NED: 10;
1610;2020-04-24 19:39:22;87D52592-4176-4257-8B6E-838043A14068;4054;US, Illinois—Naturalization Records, 1856–1991 \[Part D\];{color:red}imageset count: 50!=51\\{color};{color:red}[87D52592-4176-4257-8B6E-838043A14068]{color};51;9126;434;44113;43323;ACTIVE;ACCEPTED: 43214\\IN_PROGRESS: 140\\NA_AUDIT: 2167\\NA_BLOCKED: 729\\NA_DUPLICATE: 1\\NA_NED: 27\\NE_NO_PERSONAS: 2;ACCEPTED: 25\\IN_PROGRESS: -25
1664;2020-04-24 19:41:50;08F172DB-5D27-4291-BF07-C23F77D070B6;4072;US, New York—U.S. District Court Naturalization Records, Southern District, 1824–1946 \[Part N\];{color:red}imageset count: 299!=300\\{color};{color:red}[08F172DB-5D27-4291-BF07-C23F77D070B6]{color};300;359795;17126;356183;47846;ACTIVE;ACCEPTED: 41999\\ {color:red}FAILED: 1{color}\\IN_PROGRESS: 299993\\NA_AUDIT: 17126\\NA_BLOCKED: 13503\\NA_NED: 666\\REJECTED: 4\\NE_NO_PERSONAS: 17;ACCEPTED: 6096\\IN_PROGRESS: -6148\\NA_NED: 49\\NE_NO_PERSONAS: 3
1675;2020-04-24 19:33:16;3FDB544E-C6B3-4BCE-AA06-76CC2B779550;3980;US, Oregon—Death Records, 1864–1967;{color:red}imageset count: 157!=158\\{color};{color:red}[3FDB544E-C6B3-4BCE-AA06-76CC2B779550]{color};158;33573;1592;329292;315989;ACTIVE;ACCEPTED: 315657\\ {color:red}EXPORTED: 4{color}\\NA_AUDIT: 15814\\NA_BLOCKED: 11121\\NA_DUPLICATE: 1571\\NA_NED: 919\\REJECTED: 3\\NE_NO_PERSONAS: 17;
1690;2020-04-24 19:08:33;B6B04CC6-28A3-40B2-B906-71AFD0B6528B;3652;US, Texas—Alien Arrivals at Various Ports, 1906–1953;{color:red}batches w/too many images: \\2B037B40-13B4-4B7F-8A53-97FE2F43638D : 8929\\{color};{color:red}[B6B04CC6-28A3-40B2-B906-71AFD0B6528B] \\ #unindexedImages in batch 2B037B40-13B4-4B7F-8A53-97FE2F43638D{color};79;47548;2262;489614;7785;ACTIVE;ACCEPTED: 7691\\ {color:red}EXPORTED: 1{color}\\IN_PROGRESS: 452982\\NA_AUDIT: 22566\\NA_BLOCKED: 28892\\NA_DUPLICATE: 7\\NA_NED: 40\\NE_NO_PERSONAS: 1;ACCEPTED: 477\\IN_PROGRESS: -479\\NA_DUPLICATE: 1\\NA_NED: 1
1700;2020-04-24 19:03:25;26DE739D-EDC5-4941-B591-92D6B0CF73D3;3536;US, Washington—County Naturalization Records, 1850–1982 \[Part B\];{color:red}image count: 46778!=46847\\{color};{color:red}[26DE739D-EDC5-4941-B591-92D6B0CF73D3]{color};200;4614;215;46847;267;ACTIVE;ACCEPTED: 220\\IN_PROGRESS: 41357\\NA_AUDIT: 2027\\NA_BLOCKED: 5270;
1714;2020-04-24 18:58:00;D3C46006-1824-46EE-BD17-8A503C1502D6;3455;United States—Enlisted and Officer Muster Rolls and Rosters, 1916–1939 \[Part A\];{color:red}imageset count: 89!=88\\{color};{color:red}[D3C46006-1824-46EE-BD17-8A503C1502D6]{color};88;129416;6160;155835;2692764;ACTIVE;ACCEPTED: 88023\\ {color:red}EXPORTED: 2{color}\\ {color:red}FAILED: 209{color}\\IN_PROGRESS: 32024\\NA_AUDIT: 6160\\NA_BLOCKED: 32575\\NA_NED: 1067\\ {color:red}NOT_EXPORTED: 1806{color}\\REJECTED: 129;
1715;2020-04-24 19:38:14;D0F637CE-3E95-47C7-9B6D-618FEABBE970;4044;United States—Enlisted and Officer Muster Rolls and Rosters, 1916–1939 \[Part E\];{color:red}image count: 185320!=184031\\blocked image count: 35177!=35056\\{color};{color:red}[D0F637CE-3E95-47C7-9B6D-618FEABBE970]{color};100;157634;7500;184031;3913090;ACTIVE;ACCEPTED: 104944\\ {color:red}EXPORTED: 2{color}\\IN_PROGRESS: 44460\\NA_AUDIT: 7502\\NA_BLOCKED: 35177\\NA_NED: 575\\REJECTED: 161\\NE_NO_PERSONAS: 1;ACCEPTED: 7500\\ {color:red}EXPORTED: -5{color}\\IN_PROGRESS: -7528\\NA_NED: 18\\REJECTED: 15
1722;2020-04-24 18:24:38;9F551B7B-D283-4E0C-8D1D-E3107EC837EC;2189;Venezuela, Archdiocese of Valencia—Catholic Church Records, 1924—2014 \[Part B\];{color:red}batches w/too many images: \\E974B211-87EC-4C9D-9241-F5A3B348B15B : 396\\image count: 344490!=343928\\blocked image count: 57826!=57817\\{color};{color:red}[9F551B7B-D283-4E0C-8D1D-E3107EC837EC]{color};755;70228;3345;343928;491314;ACTIVE;ACCEPTED: 175431\\ {color:red}EXPORTED: 71{color}\\ {color:red}FAILED: 12{color}\\IN_PROGRESS: 107683\\NA_AUDIT: 14267\\NA_BLOCKED: 57826\\NA_DUPLICATE: 125\\NA_NED: 3127\\REJECTED: 198\\NE_NO_PERSONAS: 17;ACCEPTED: 3104\\IN_PROGRESS: -3536\\NA_DUPLICATE: 20\\NA_NED: 407\\REJECTED: 2\\NE_NO_PERSONAS: 3
